{"0": {"Q": { "0": [0.3161, -0.1683], "1": [0.4568, -0.3379], "2": [0.5118, -0.0918] },
       "K": { "0": [0.4058, 0.2134], "1": [-0.4704, -0.2601], "2": [0.2368, -0.5105] },
       "V": { "0": [0.2526, 0.5191], "1": [-0.1415, -0.0852], "2": [-0.1962, -0.2043] }},
 "1": {"Q": { "0": [-0.71430635,-0.3346442], "1": [0.4150579,0.26103377], "2": [-0.872363,-0.49443102] },
       "K": { "0": [-0.62798536,-0.088863134], "1": [0.5267798,0.5039196], "2": [-0.41009164,0.15557817] },
       "V": { "0": [-0.6442884,0.88132215], "1": [0.95151615,0.87871444], "2": [0.37282324,-0.27842712] }}
}
