{
    "0": {"Q": { "0": [-0.2354, 0.2177, -0.71430635, -0.3346442], "1": [0.0191, -0.4919, 0.4150579, 0.26103377], "2": [-0.2867, 0.4232, -0.872363, -0.49443102] },
	  "K": { "0": [-0.4196, 0.2615, -0.62798536,-0.088863134], "1": [-0.4590, -0.2133, 0.5267798,0.5039196], "2": [-0.3648, 0.2161, -0.41009164, 0.15557817] },
	  "V": { "0": [-0.4900, -0.1135, -0.6442884, 0.88132215], "1": [-0.3503, -0.4404, 0.95151615, 0.87871444], "2": [-0.2120, 0.3780, 0.37282324,-0.27842712] }},
    "1": {"Q": { "0": [-0.71430635, -0.3346442, -0.2354, 0.2177], "1": [0.4150579, 0.26103377, 0.0191, -0.4919], "2": [-0.872363, -0.49443102, -0.2867, 0.4232] },
	  "K": { "0": [-0.62798536,-0.088863134, -0.4196, 0.2615], "1": [0.5267798,0.5039196, -0.4590, -0.2133], "2": [-0.41009164, 0.15557817, -0.3648, 0.2161] },
	  "V": { "0": [-0.6442884, 0.88132215, -0.4900, -0.1135], "1": [0.95151615, 0.87871444, -0.3503, -0.4404], "2": [0.37282324,-0.27842712, -0.2120, 0.3780] }}
}
